№ Образца,Адсорбент,"Tрег, ᵒС","W0, см3/г","E0, кДж/моль","х0, нм","а0, ммоль/г","E, кДж/моль","SБЭТ, м2/г","Ws, см3/г","Sme, м2/г","Wme, см3/г",Металл,Лиганд,Растворитель,"m (соли), г","m(кис-ты), г","Т.син., °С","Т суш., °С","Vсин. (р-ля), мл",Mix_solv_ratio
4,MOF#4,120,0.20051976,30.0,0.4,5.78,9.9,470.0,0.21051976,33.7,0.01,Cu,BTC,ДМФА,1.485,0.5025,120,25,48.0,1
6,MOF#6,120,0.29002512,31.81818181818182,0.3771428571428572,8.36,10.5,625.4,0.29002512,0.0,0.0,Cu,BTC,ДМФА/Этанол/Вода,1.0042,0.4213,120,120,24.0,1
7,MOF#7,120,0.30251424,29.39393939393939,0.4082474226804124,8.72,9.7,616.8,0.30251424,0.0,0.0,Cu,BTC,ДМФА/Этанол/Вода,1.0028,0.4276,120,120,24.0,1
8,MOF#8,120,0.28482132,30.3030303030303,0.396,8.21,10.0,605.7,0.28482132,0.0,0.0,Cu,BTC,ДМФА/Этанол/Вода,1.5145,0.5753,120,120,36.0,1
11,MOF#11,130,0.30771804,30.0,0.4,8.87,9.9,654.8,0.30771804,0.0,0.0,Cu,BTC,ДМФА/Этанол/Вода,2.0084,0.8426,130,130,48.0,1
13,MOF#13,120,0.0034692,9.999999999999998,1.2,0.1,3.3,166.8,0.0334692,0.0,0.03,Cu,BTC,ДМФА/Этанол,2.008,0.843,120,120,48.0,1
17,MOF#17,130,0.450996,14.84848484848485,0.8081632653061224,13.0,4.9,1054.4,0.620996,140.1,0.17,Al,BTC,ДМФА,1.074,0.492,130,130,28.0,1
18,MOF#18,130,0.5862948,14.18181818181818,0.8461538461538463,16.9,4.68,1471.6,1.5662948,483.9,0.98,Al,BTC,ДМФА/Этанол,1.428,0.653,130,130,37.2,1
19,MOF#19,130,0.5533374,15.0,0.8,15.95,4.95,1319.0,0.9133374,266.5,0.36,Al,BTC,ДМФА,1.074,0.492,130,130,28.0,1
20,MOF#20,130,0.52419612,15.15151515151515,0.792,15.11,5.0,1234.0,0.89419612,280.4,0.37,Al,BTC,ДМФА,1.074,0.491,130,130,28.0,1
21,MOF#21,130,0.52280844,14.93939393939394,0.8032454361054767,15.07,4.93,1240.6,0.87280844,281.9,0.35,Al,BTC,ДМФА,1.074,0.491,130,130,28.0,1
23,MOF#23,130,0.589764,14.63636363636364,0.8198757763975155,17.0,4.83,1421.9,1.169764,435.7,0.5800000000000001,Al,BTC,ДМФА,1.074,0.491,130,130,28.0,1
26,MOF#26,130,0.58560096,15.36363636363636,0.7810650887573964,16.88,5.07,1621.7,1.78560096,430.5,1.2,Al,BTC,ДМФА,1.074,0.491,130,130,28.0,1
27,MOF#27,130,0.5748464400000001,14.66666666666667,0.8181818181818182,16.57,4.84,1388.2,1.14484644,395.6,0.57,Al,BTC,ДМФА,1.074,0.491,130,130,28.0,1
29,MOF#29,130,0.56617344,15.57575757575757,0.7704280155642024,16.32,5.14,1544.1,1.22617344,470.2,0.6599999999999999,Al,BTC,ДМФА,1.074,0.491,130,130,28.0,1
30,MOF#30,130,0.56617344,15.45454545454545,0.7764705882352941,16.32,5.1,1533.5,1.21617344,448.7,0.6499999999999999,Al,BTC,ДМФА,1.074,0.492,130,130,28.0,1
31,MOF#31,130,0.56478576,15.60606060606061,0.7689320388349515,16.28,5.15,1467.1,1.21478576,433.3,0.65,Al,BTC,ДМФА,1.074,0.492,130,130,28.0,1
32,MOF#32,130,0.55715352,15.60606060606061,0.7689320388349515,16.06,5.15,1507.3,1.07715352,378.6,0.52,Al,BTC,ДМФА,1.075,0.492,130,130,28.0,1
33,MOF#33,130,0.58074408,15.39393939393939,0.7795275590551182,16.74,5.08,1659.3,1.45074408,529.0,0.87,Al,BTC,ДМФА,1.074,0.491,130,130,28.0,1
34,MOF#34,130,0.53009376,16.03030303030303,0.7485822306238185,15.28,5.29,1405.9,0.93009376,283.0,0.4,Al,BTC,ДМФА,1.074,0.491,130,130,28.0,1
35,MOF#35,130,0.54431748,15.63636363636364,0.7674418604651163,15.69,5.16,1469.6,1.10431748,403.7,0.5599999999999999,Al,BTC,ДМФА,1.074,0.493,130,130,28.0,1
37,MOF#37,130,0.5599288800000001,14.78787878787879,0.8114754098360656,16.14,4.88,1307.9,0.91992888,279.9,0.36,Al,BTC,ДМФА,1.074,0.491,130,130,28.0,1
38,MOF#38,130,0.55090896,15.36363636363636,0.7810650887573964,15.88,5.07,1312.2,1.00090896,335.6,0.4500000000000001,Al,BTC,ДМФА,1.075,0.491,130,130,28.0,1
39,MOF#39,130,0.5651326799999999,14.90909090909091,0.8048780487804879,16.29,4.92,1312.0,0.8951326799999999,253.7,0.33,Al,BTC,ДМФА,1.075,0.491,130,130,28.0,1
40,MOF#40,130,0.59462088,15.09090909090909,0.7951807228915663,17.14,4.98,1441.8,1.29462088,365.0,0.7000000000000001,Al,BTC,ДМФА,1.074,0.491,130,130,28.0,1
41,"MOF#MIX1(41,52,53,58,59)",130,0.49921788,16.06060606060606,0.7471698113207548,14.39,5.3,1325.1,0.84921788,236.7,0.35,Al,BTC,ДМФА,1.074,0.491,130,130,28.0,1
42,MOF#42,130,0.5561127600000001,15.42424242424242,0.7779960707269156,16.03,5.09,1310.4,0.95611276,306.0,0.4,Al,BTC,ДМФА,1.074,0.491,130,130,28.0,1
43,MOF#43,130,0.589764,15.21212121212121,0.7888446215139444,17.0,5.02,1412.6,1.039764,345.5,0.45,Al,BTC,ДМФА,1.075,0.492,130,130,28.0,1
45,MOF#45,130,0.51205392,15.87878787878788,0.7557251908396947,14.76,5.24,1362.6,0.91205392,288.4,0.4,Al,BTC,ДМФА,1.074,0.492,130,130,28.0,1
46,MOF#46,130,0.52107384,15.42424242424242,0.7779960707269156,15.02,5.09,1255.1,0.86107384,247.6,0.34,Al,BTC,ДМФА,1.074,0.492,130,130,28.0,1
47,MOF#47,130,0.58872324,14.75757575757576,0.813141683778234,16.97,4.87,1421.2,1.26872324,429.8,0.6799999999999999,Al,BTC,ДМФА,1.074,0.491,130,130,28.0,1
49,MOF#49,130,0.30390192,15.78787878787879,0.7600767754318618,8.76,5.21,683.6,0.42390192,73.8,0.12,Al,BTC,ДМФА/Этанол/Вода,1.074,0.492,130,130,28.0,1
50,MOF#50,130,0.10268832,26.03030303030303,0.4610011641443539,2.96,8.59,252.0,0.23268832,77.5,0.13,Cu,BTC,ДМФА/Этанол/Вода,0.97,0.492,130,130,28.0,1
51,MOF#51,130,0.1873368,16.96969696969697,0.7071428571428572,5.4,5.6,388.7,0.2073368,0.0,0.0199999999999999,Al,BTC,ДМФА/Этанол/Вода,1.074,0.492,130,130,28.0,1
54,MOF#54,130,0.56860188,15.27272727272727,0.7857142857142858,16.39,5.04,1378.3,1.14860188,413.0,0.58,Al,BTC,ДМФА,1.074,0.493,130,130,28.0,1
55,MOF#55,130,0.56652036,15.27272727272727,0.7857142857142858,16.33,5.04,1373.0,0.96652036,303.0,0.4,Al,BTC,ДМФА,1.074,0.491,130,130,28.0,1
62,MOF#Cu62,100,0.31014648,32.87878787878788,0.3649769585253457,8.94,10.85,631.2,0.31014648,0.0,0.0,Cu,BTC,ДМФА/Этанол/Вода,1.008,0.42,100,100,24.0,1
68,MOF#68,130,0.5169108,14.90909090909091,0.8048780487804879,14.9,4.92,1274.0,0.7469108,147.4,0.23,Al,BTC,ДМФА,1.074,0.491,130,100,28.0,1
68,MOF#68(200C),200,0.45168984,17.63636363636364,0.6804123711340206,13.02,5.82,1215.4,0.66168984,126.2,0.21,Al,BTC,ДМФА,1.074,0.491,130,100,28.0,1
68,MOF#68(250C),250,0.48291264,17.60606060606061,0.6815834767641997,13.92,5.81,1282.4,0.6729126400000001,126.8,0.1900000000000001,Al,BTC,ДМФА,1.074,0.491,130,100,28.0,1
68,MOF#68(300C),300,0.50234016,17.45454545454545,0.6875,14.48,5.76,1327.8,0.71234016,134.7,0.21,Al,BTC,ДМФА,1.074,0.491,130,100,28.0,1
68,MOF#68(350C),350,0.47666808,17.45454545454545,0.6875,13.74,5.76,1255.3,0.67666808,133.8,0.2,Al,BTC,ДМФА,1.074,0.491,130,100,28.0,1
68,MOF#68(400C),400,0.46244436,17.36363636363636,0.6910994764397906,13.33,5.73,1213.0,0.68244436,155.6,0.22,Al,BTC,ДМФА,1.074,0.491,130,100,28.0,1
69,"MOF#MIX3(69,74,75,79,80)",130,0.39271344,15.36363636363636,0.7810650887573964,11.32,5.07,896.3,0.57271344,83.7,0.18,Al,BTC,ДМФА,1.074,0.491,130,100,28.0,1
70,MOF#70,130,0.4614036,15.0,0.8,13.3,4.95,1130.4,0.6814036,149.3,0.22,Al,BTC,ДМФА,1.076,0.494,130,100,28.0,1
71,MOF#71-72,100,0.26227152,15.45454545454545,0.7764705882352941,7.56,5.1,584.6,0.37227152,55.9,0.11,Al,BTC,ДМФА,2.148,0.982,100,100,56.0,1
73,MOF#73(Al),100,0.4614036,15.60606060606061,0.7689320388349515,13.3,5.15,1290.4,0.8114036,97.6,0.35,Al,BTC,ДМФА,2.149,0.983,100,100,56.0,1
77,MOF#77,100,0.34796076,15.24242424242424,0.7872763419483102,10.03,5.03,812.9,0.54796076,98.3,0.2000000000000001,Al,BTC,ДМФА,2.148,0.912,100,100,56.0,1
78,MOF#78,120,0.34310388,16.09090909090909,0.7457627118644068,9.89,5.31,763.3,0.84310388,0.0,0.5,Fe,BTC,ДМФА,1.2126,0.6304,120,130,30.0,1
82,MOF#MIX4(82-92)(Tr=130C),130,0.5134416,15.0,0.8,14.8,4.95,1239.1,1.0334416,327.9,0.5199999999999999,Al,BTC,ДМФА,1.074,0.492,130,130,28.0,1
82,MOF#MIX4(82-92)(Tr=300C),300,0.5991308399999999,15.33333333333333,0.782608695652174,17.27,5.06,1497.7,1.12913084,349.9,0.53,Al,BTC,ДМФА,1.074,0.492,130,130,28.0,1
82,MOF#MIX4(82-92)(Tr=350C),350,0.59635548,15.42424242424242,0.7779960707269156,17.19,5.09,1478.3,1.12635548,356.9,0.5299999999999999,Al,BTC,ДМФА,1.074,0.492,130,130,28.0,1
82,MOF#MIX4(82-92)(Tr=400C),400,0.56131656,15.57575757575757,0.7704280155642024,16.18,5.14,1379.4,1.13131656,373.1,0.57,Al,BTC,ДМФА,1.074,0.492,130,130,28.0,1
82,MOF-82-92,200,0.560761488,15.44545454545455,0.7769276044732195,16.164,5.097,1422.915,1.084761488,326.358,0.524,Al,BTC,ДМФА,1.074,0.492,130,130,28.0,1
84,MOF#84,130,0.42567084,15.0,0.8,12.27,4.95,998.3,0.7656708400000001,288.4,0.3400000000000001,Al,BTC,ДМФА,1.0736,0.4926,130,130,28.0,1
85,MOF#85,130,0.54882744,15.45454545454545,0.7764705882352941,15.82,5.1,1427.1,1.12882744,0.0,0.58,Fe,BDC,ДМФА,0.808,0.4982,130,130,24.0,1
89,MOF#89,140,0.40485564,16.09090909090909,0.7457627118644068,11.67,5.31,932.9,0.6848556400000001,288.3,0.2800000000000001,Al,BTC,ДМФА,1.0745,0.492,130,150,28.0,1
90,MOF#90(Zn),140,0.14640024,31.81818181818182,0.3771428571428572,4.22,10.5,299.9,0.18640024,9.7,0.04,Zn,BDC,ДМФА,0.8911,0.4988,140,150,24.0,1
91,MOF#91,140,0.37224516,16.36363636363636,0.7333333333333334,10.73,5.4,805.2,0.92224516,131.8,0.55,Fe,BTC,ДМФА,1.212,0.63,140,150,36.0,1
93,MOF#93,150,0.41873244,16.0,0.75,12.07,5.28,915.5,0.8987324400000001,136.4,0.4800000000000001,Fe,BTC,ДМФА,1.212,0.63,150,150,36.0,1
94,MOF#94,150,0.16235856,19.12121212121212,0.6275752773375596,4.68,6.31,315.0,0.18235856,0.0,0.0199999999999999,Fe,BTC,ДМФА,1.213,0.63,150,150,32.0,1
97,MOF#97,150,0.44648604,15.48484848484848,0.7749510763209394,12.87,5.11,1006.8,0.83648604,118.0,0.3900000000000001,Fe,BTC,ДМФА,1.212,0.63,150,140,40.0,1
98,MOF#98,140,0.4145694,23.0,0.5217391304347826,11.95,7.59,888.4,1.1045694,244.1,0.69,Al,BDC,ДМФА,0.7505,0.4983,140,140,28.0,1
99,MOF#99,140,0.33616548,15.15151515151515,0.792,9.69,5.0,881.4,0.93616548,175.6,0.5999999999999999,Fe,NH2-BDC,ДМФА,0.808,0.5436,140,140,24.0,1
100,MOF#100,140,0.208152,17.33333333333333,0.6923076923076924,6.0,5.72,476.1,1.448152,211.2,1.24,Al,BTB,ДМФА,0.376,0.2192,140,140,44.0,1
101,MOF#101,140,0.07736316,16.81818181818182,0.7135135135135136,2.23,5.55,162.7,0.26736316,54.0,0.19,Fe,BTB,ДМФА,0.404,0.2191,140,140,50.0,1
102,MOF#102,100,0.14501256,26.81818181818182,0.4474576271186441,4.18,8.85,301.5,0.18501256,0.0,0.0399999999999999,Cu,BTB,ДМФА/Этанол/Вода,0.1637,0.0876,100,100,32.0,1
104,MOF#104,140,0.27510756,20.81818181818182,0.5764192139737991,7.93,6.87,548.1,0.31510756,16.5,0.04,Zn,BTB,ДМФА,0.207,0.087,140,140,32.0,1
105,MOF#105,140,0.6966153599999999,14.21212121212121,0.8443496801705757,20.08,4.69,1729.5,1.48661536,174.1,0.7900000000000001,Fe,BDC,ДМФА,0.8085,0.4981,140,140,24.0,1
106,MOF#106,140,0.33963468,14.24242424242424,0.8425531914893617,9.79,4.7,852.4,0.6696346799999999,82.7,0.3299999999999999,Fe,BDC,ДМФА,0.8082,0.4983,140,140,24.0,1
107,MOF#107,140,0.06140484,13.66666666666667,0.8780487804878049,1.77,4.51,149.0,0.77140484,125.0,0.71,Al,NH2-BDC,ДМФА,0.7504,0.5436,140,140,28.0,1
108,MOF#108,130,0.25186392,16.48484848484848,0.7279411764705882,7.26,5.44,571.0,0.50186392,0.0,0.25,Fe,BTC,ДМФА,1.213,0.63,130,130,32.0,1
109,MOF#109,130,0.13495188,15.57575757575757,0.7704280155642024,3.89,5.14,313.8,0.60495188,0.0,0.47,Fe,BDC,ДМФА,0.8085,0.498,130,130,24.0,1
110,MOF#110,130,0.1856022,17.48484848484848,0.6863084922010398,5.35,5.77,468.8,0.4556022,0.0,0.27,Fe,BDC,ДМФА,0.8084,0.4983,130,130,24.0,1
111,MOF#111,130,0.53495064,14.75757575757576,0.813141683778234,15.42,4.87,1223.1,0.96495064,0.0,0.43,Fe,BDC,ДМФА,0.8081,0.498,130,130,24.0,1
112,MOF#112,130,0.65671956,13.6969696969697,0.8761061946902656,18.93,4.52,1710.8,1.13671956,136.4,0.48,Fe,BDC,ДМФА,0.8085,0.498,130,130,24.0,1
112,MOF-112,200,0.365410836,14.8969696969697,0.80553295362083,10.533,4.916,958.736,0.567410836,37.06,0.202,Fe,BDC,ДМФА,0.8085,0.498,130,130,24.0,1
114,MOF#114,130,0.7895899200000001,13.78787878787879,0.8703296703296703,22.76,4.55,1978.5,1.24958992,124.1,0.46,Fe,BDC,ДМФА,0.808,0.498,130,140,24.0,1
115,MOF#115,130,0.2029482,17.78787878787879,0.6746166950596252,5.85,5.87,483.7,0.6629482,149.8,0.46,Fe,BDC,ДМФА,0.809,0.499,130,140,24.0,1
116,MOF#116,140,0.47944344,15.27272727272727,0.7857142857142858,13.82,5.04,1148.0,1.01944344,89.9,0.54,Fe,BDC,ДМФА,0.808,0.498,140,140,24.0,1
117,MOF#117,140,0.27267912,17.27272727272727,0.6947368421052631,7.86,5.7,638.3,0.40267912,70.7,0.13,Fe,BDC,ДМФА,0.808,0.498,140,140,24.0,1
118,MOF#118,140,0.27129144,16.06060606060606,0.7471698113207548,7.82,5.3,669.3,0.89129144,160.0,0.6200000000000001,Fe,BDC,ДМФА,0.808,0.499,140,140,24.0,1
119,MOF#119,140,0.2497824,16.12121212121212,0.7443609022556391,7.2,5.32,567.6,0.3097824,16.5,0.06,Fe,BDC,ДМФА,0.807,0.499,140,140,24.0,1
121,MOF#121,140,0.24006864,17.54545454545454,0.683937823834197,6.92,5.79,567.3,0.43006864,83.1,0.19,Fe,BDC,ДМФА,0.808,0.498,140,140,24.0,1
122,MOF#122,140,0.30841188,16.81818181818182,0.7135135135135136,8.89,5.55,699.7,0.4084118800000001,48.6,0.1000000000000001,Fe,BDC,ДМФА,0.808,0.498,140,140,24.0,1
123,MOF#123,140,0.18178608,16.87878787878788,0.7109515260323159,5.24,5.57,416.9,0.27178608,50.1,0.09,Fe,BDC,ДМФА,0.8087,0.499,140,140,24.0,1
124,MOF#124,140,0.28308672,16.21212121212121,0.7401869158878506,8.16,5.35,674.7,0.4530867200000001,98.7,0.1700000000000001,Fe,BDC,ДМФА,0.8089,0.499,140,140,24.0,1
125,MOF#125,140,0.3399816000000001,16.54545454545454,0.7252747252747254,9.8,5.46,838.8,0.4599816,71.7,0.1199999999999999,Fe,BDC,ДМФА,0.808,0.498,140,140,24.0,1
126,MOF#126,140,0.26920992,17.84848484848485,0.6723259762308998,7.76,5.89,574.8,0.33920992,49.0,0.07,Fe,BDC,ДМФА,0.808,0.498,140,140,24.0,1
128,MOF#128,140,0.5065032,14.6969696969697,0.8164948453608248,14.6,4.85,1215.2,1.1765032,120.8,0.6699999999999999,Fe,BDC,ДМФА,0.809,0.499,140,140,24.0,1
132,MOF#132,130,0.22341648,18.48484848484848,0.6491803278688525,6.44,6.1,535.4,0.35341648,43.7,0.13,Fe,BDC,ДМФА,0.807,0.499,130,130,24.0,1
133,MOF#133,130,0.8468317200000001,13.39393939393939,0.8959276018099548,24.41,4.42,2335.8,1.29683172,89.6,0.4499999999999998,Fe,BDC,ДМФА,0.805,0.499,130,130,24.0,1
134,MOF#134,130,0.75940788,14.12121212121212,0.8497854077253219,21.89,4.66,1987.6,1.12940788,80.9,0.37,Fe,BDC,ДМФА,0.805,0.498,130,130,24.0,1
135,MOF#135,130,0.91968492,13.21212121212121,0.908256880733945,26.51,4.36,2555.6,1.46968492,104.4,0.5499999999999999,Fe,BDC,ДМФА,0.8087,0.499,130,130,24.0,1
136,MOF#136,130,0.54882744,15.45454545454545,0.7764705882352941,15.82,5.1,1416.5,0.77882744,32.5,0.23,Fe,BDC,ДМФА,0.809,0.499,130,130,24.0,1
137,MOF#137,130,0.38646888,15.78787878787879,0.7600767754318618,11.14,5.21,1014.1,0.61646888,58.4,0.23,Fe,BDC,ДМФА,0.8092,0.5,130,130,24.0,1
138,MOF#138,130,0.29731044,14.54545454545454,0.8250000000000001,8.57,4.8,791.0,0.50731044,57.0,0.21,Fe,BDC,ДМФА,0.8083,0.498,130,130,24.0,1
139,MOF#139,130,0.5595819599999999,14.78787878787879,0.8114754098360656,16.13,4.88,1428.5,0.8195819599999999,65.6,0.26,Fe,BDC,ДМФА,0.8076,0.498,130,130,24.0,1
142,MOF#142,130,0.2185596,15.24242424242424,0.7872763419483102,6.3,5.03,570.0,0.3885596,33.3,0.17,Fe,BDC,ДМФА,0.808,0.498,130,130,24.0,1
143,MOF#143,130,0.38057124,15.06060606060606,0.7967806841046279,10.97,4.97,951.7,0.53057124,31.49,0.15,Fe,BDC,ДМФА,0.8075,0.498,130,130,24.0,1
144,MOF#144,130,0.6386797200000001,14.27272727272727,0.8407643312101911,18.41,4.71,1699.7,0.90867972,48.4,0.27,Fe,BDC,ДМФА,0.8094,0.498,130,130,24.0,1
144,MOF-144,200,0.161005572,20.46666666666667,0.5863192182410424,4.641,6.754,384.126,0.231005572,36.61,0.0699999999999999,Fe,BDC,ДМФА,0.8094,0.498,130,130,24.0,1
146,MOF#146,130,0.27510756,16.66666666666666,0.7200000000000001,7.93,5.5,694.9,0.4251075599999999,34.8,0.1499999999999999,Fe,BDC,ДМФА/Этанол,0.8192,0.5074,130,130,24.0,1
147,MOF#147(Fe),130,0.2237634,17.24242424242424,0.6959578207381371,6.45,5.69,603.0,0.3137634,14.7,0.09,Fe,BDC,ДМФА/Вода,0.8062,0.5006,130,130,24.0,1
148,MOF#148,130,0.4787496000000001,14.21212121212121,0.8443496801705757,13.8,4.69,1285.2,0.6587496,14.688,0.1799999999999999,Fe,BDC,ДМФА,1.6167,0.993,130,130,48.0,1
149,MOF#149,130,0.8280980400000001,13.39393939393939,0.8959276018099548,23.87,4.42,2240.1,1.29809804,110.2,0.4699999999999999,Fe,BDC,ДМФА,0.8089,0.4985,130,130,24.0,1
150,MOF#150,130,0.83677104,9.515151515151516,1.261146496815287,24.12,3.14,1700.2,0.93677104,0.0,0.0999999999999999,Fe,BDC,ДМФА,0.8081,0.499,130,130,24.0,1
153,MOF#153^^,130,0.123,24.0,0.494,3.545,8.167,313.231,0.196,11.784,0.073,Fe,BDC,ДМФА,0.808,0.4985,130,130,24.0,1
154,MOF#154,130,0.7935795,13.54545454545454,0.8859060402684565,22.875,4.47,2086.6,1.2035795,90.6,0.41,Fe,BDC,ДМФА,0.803,0.4947,130,130,24.0,1
155,MOF#155,130,0.7580202,14.54545454545454,0.8250000000000001,21.85,4.8,2001.7,1.0780202,31.4,0.3200000000000001,Fe,BDC,ДМФА,0.8084,0.4983,130,130,24.0,1
156,MOF#156,130,0.51205392,16.21212121212121,0.7401869158878506,14.76,5.35,1331.2,0.76205392,37.613,0.25,Fe,BDC,ДМФА,0.805,0.494,130,130,24.0,1
158,MOF#158,130,0.75906096,13.66666666666667,0.8780487804878049,21.88,4.51,1972.3,1.06906096,46.0,0.3100000000000001,Fe,BDC,ДМФА,0.8082,0.499,130,130,24.0,1
159,MOF#159,130,0.971376,13.09090909090909,0.9166666666666666,28.0,4.32,2746.2,1.451376,60.25,0.48,Fe,BDC,ДМФА,0.8073,0.4986,130,130,24.0,1
160,MOF#160,130,0.30043272,14.24242424242424,0.8425531914893617,8.66,4.7,798.7,0.43043272,0.0,0.13,Fe,BDC,ДМФА,0.8073,0.4986,130,130,24.0,1
160,MOF-160,140,0.836701656,9.515151515151516,1.261146496815287,24.118,3.14,1700.211,0.935701656,22.716,0.0989999999999999,Fe,BDC,ДМФА,0.8073,0.4986,130,130,24.0,1
161,MOF#161,130,0.58907016,14.03030303030303,0.8552915766738661,16.98,4.63,1541.3,0.7890701600000001,15.7,0.2000000000000001,Fe,BDC,ДМФА,0.8085,0.4997,130,130,24.0,1
162,MOF#162,130,0.25047624,16.21212121212121,0.7401869158878506,7.22,5.35,647.3,0.35047624,0.0,0.0999999999999999,Fe,BDC,ДМФА,0.808,0.4987,130,130,24.0,1
163,MOF#163,130,0.4735458,14.81818181818182,0.8098159509202455,13.65,4.89,1235.0,0.6235458,0.0,0.15,Fe,BDC,ДМФА,0.8081,0.499,130,130,24.0,1
164,MOF#164(Al),130,0.35247072,15.90909090909091,0.7542857142857143,10.16,5.25,945.2,0.5324707200000001,7.15,0.18,Al,BTC,ДМФА,1.1253,0.6303,130,130,24.0,1
165,MOF#165,130,0.30633036,14.60606060606061,0.8215767634854773,8.83,4.82,814.2,0.45633036,20.748,0.15,Fe,BDC,ДМФА,0.8087,0.4985,130,130,24.0,1
167,MOF#167,200,0.2549862,37.96969696969697,0.3160415003990423,7.35,12.53,601.1,0.2649862,0.907,0.01,Al,BTC,Вода,6.9658,1.3636,200,100,10.0,1
168,MOF#168(Fe),130,0.2896782,15.18181818181818,0.7904191616766468,8.35,5.01,807.3,0.4496782,24.5,0.16,Fe,BDC,ДМФА,0.808,0.4986,130,130,24.0,1
170,MOF#170,130,0.61092612,14.90909090909091,0.8048780487804879,17.61,4.92,1598.2,0.90092612,50.0,0.29,Fe,BDC,ДМФА,0.8081,0.4987,130,130,24.0,1
172,MOF#172,130,0.54154212,13.87878787878788,0.8646288209606987,15.61,4.58,1495.9,0.78154212,17.02,0.24,Fe,BDC,ДМФА,0.8087,0.498,130,130,24.0,1
173,MOF#173(Fe),130,0.42220164,14.45454545454545,0.8301886792452831,12.17,4.77,1229.2,0.61220164,7.31,0.19,Fe,BDC,ДМФА,0.808,0.4994,130,130,24.0,1
174,MOF#174,130,0.5640919200000001,14.81818181818182,0.8098159509202455,16.26,4.89,1461.1,0.7340919200000001,24.3,0.17,Fe,BDC,ДМФА,0.8088,0.498,130,130,24.0,1
175,MOF#175,130,0.74032728,14.18181818181818,0.8461538461538463,21.34,4.68,1958.5,1.05032728,40.5,0.3100000000000001,Fe,BDC,ДМФА,0.8083,0.498,130,130,24.0,1
176,MOF#176(Fe),130,0.30424884,19.03030303030303,0.6305732484076433,8.77,6.28,747.0,0.3942488399999999,39.8,0.0899999999999998,Fe,BDC,ДМФА,0.8091,0.4985,130,130,24.0,1
177,MOF#177,110,0.37710204,33.6060606060606,0.3570784490532011,10.87,11.09,851.0,0.38710204,0.25,0.0099999999999999,Cu,BTC,ДМФА,4.0051,2.0002,110,130,48.0,1
177,MOF-177(CuBTC),200,0.676806228,41.02121212121212,0.2925315801137623,19.509,13.537,1653.209,0.717806228,7.932,0.041,Cu,BTC,ДМФА,4.0051,2.0002,110,130,48.0,1
178,MOF#178,130,0.61682376,14.36363636363636,0.8354430379746836,17.78,4.74,1661.1,0.8068237600000001,11.8,0.1900000000000001,Fe,BDC,ДМФА,0.8084,0.4952,130,130,24.0,1
179,MOF#179,130,1.0719828,12.60606060606061,0.951923076923077,30.9,4.16,3036.4,1.5219828,22.0,0.45,Fe,BDC,ДМФА,0.8085,0.498,130,130,24.0,1
179,MOF-179-160C(09-2020),160,0.84370944,13.93939393939394,0.8608695652173914,24.32,4.6,2774.0,1.44370944,48.0,0.5999999999999999,Fe,BDC,ДМФА,0.8085,0.498,130,130,24.0,1
179,MOF-179-180C(09-2020),180,0.66018876,13.90909090909091,0.8627450980392157,19.03,4.59,1723.0,0.8101887600000001,22.0,0.15,Fe,BDC,ДМФА,0.8085,0.498,130,130,24.0,1
179,MOF-179-200C(09-2020),200,0.6685148399999999,13.84848484848485,0.8665207877461706,19.27,4.57,1743.0,0.81851484,23.0,0.15,Fe,BDC,ДМФА,0.8085,0.498,130,130,24.0,1
180,MOF#180,130,1.0130064,12.90909090909091,0.9295774647887324,29.2,4.26,2863.8,1.4430064,22.3,0.4299999999999999,Fe,BDC,ДМФА,0.8085,0.498,130,130,24.0,1
181,MOF#181,130,0.73651116,13.57575757575758,0.8839285714285714,21.23,4.48,2020.8,1.10651116,69.0,0.3699999999999999,Fe,BDC,ДМФА,0.8081,0.4986,130,130,24.0,1
183,MOF#183(Fe),130,0.46070976,15.48484848484848,0.7749510763209394,13.28,5.11,1301.6,1.31070976,296.0,0.8499999999999999,Fe,BTC,ДМФА,1.215,0.63,130,130,24.0,1
184,MOF#184(Fe),130,0.59531472,15.6969696969697,0.7644787644787645,17.16,5.18,1654.3,0.98531472,86.3,0.39,Fe,NH2-BDC,ДМФА,0.808,0.5436,130,130,24.0,1
186,MOF#186(Zn),110,0.67406556,18.0,0.6666666666666666,19.43,5.94,1547.5,0.71406556,5.93,0.04,Zn,BTB,ДМФА,0.3567,0.3507,110,110,64.0,1
187,MOF#187(Zn),90,0.48256572,19.51515151515152,0.6149068322981366,13.91,6.44,1120.7,0.51256572,16.06,0.03,Zn,BTB,ДМФА,0.266,0.2618,90,110,56.0,1
189,MOF#189(Cu),120,0.36218448,34.78787878787879,0.3449477351916376,10.44,11.48,861.8,0.38218448,9.28,0.02,Cu,BTC,ДМФА,4.0023,2.0035,120,120,48.0,1
190,MOF-190(Zn)^^,110,0.6563726400000001,21.18181818181818,0.5665236051502146,18.92,6.99,1516.0,0.6563726400000001,7.1,0.0,Zn,BTB,ДМФА,0.356,0.3505,110,130,64.0,1
191,MOF#191(Ti),150,0.13113576,17.90909090909091,0.6700507614213198,3.78,5.91,347.8,0.28113576,71.7,0.15,Ti,NH2-BDC,ДМФА,0.89,1.086,150,150,30.0,1
193,MOF#193(Ti),150,0.16756236,14.87878787878788,0.8065173116089613,4.83,4.91,467.02,0.55756236,153.5,0.39,Ti,NH2-BDC,ДМФА,0.89,1.0853,150,150,50.0,1
194,MOF#194(Cu),130,0.3243702,34.57575757575758,0.3470639789658194,9.35,11.41,771.02,0.3443702,0.22,0.02,Cu,BTC,ДМФА,4.0023,2.0036,110,110,48.0,1
194,MOF-194-200,200,0.64492428,24.15151515151515,0.4968632371392723,18.59,7.97,1473.0,0.67492428,22.0,0.03,Cu,BTC,ДМФА,4.0023,2.0036,110,110,48.0,1
194,MOF-CuBTC-194(220C),220,0.6577603200000001,32.06060606060606,0.3742911153119092,18.96,10.58,1600.0,0.71776032,21.0,0.0599999999999999,Cu,BTC,ДМФА,4.0023,2.0036,110,110,48.0,1
194,MOF-CuBTC-194(230C),230,0.65082192,49.78787878787878,0.2410225197808886,18.76,16.43,1640.0,0.7208219200000001,78.0,0.07,Cu,BTC,ДМФА,4.0023,2.0036,110,110,48.0,1
194,MOF-CuBTC-194(4iz9)(120C),120,0.54709284,30.48484848484848,0.3936381709741551,15.77,10.06,1300.0,0.60709284,30.0,0.0599999999999999,Cu,BTC,ДМФА,4.0023,2.0036,110,110,48.0,1
194,MOF194,110,0.3244048920000001,34.56363636363636,0.3471856917411889,9.351,11.406,771.018,0.3394048920000001,0.216,0.015,Cu,BTC,ДМФА,4.0023,2.0036,110,110,48.0,1
195,MOF#195(Fe)^^,130,0.35073612,16.18181818181818,0.7415730337078652,10.11,5.34,901.2,0.62073612,100.0,0.27,Fe,BTC,ДМФА,1.218,0.6335,130,130,24.0,1
196,MOF#196(Zn),110,0.64076124,20.15151515151515,0.5954887218045113,18.47,6.65,1495.2,0.67076124,23.25,0.03,Zn,BTB,ДМФА,0.3566,0.3498,110,110,64.0,1
197,MOF#197(Ti),150,0.17137848,19.63636363636364,0.611111111111111,4.94,6.48,440.0,0.34137848,58.3,0.17,Ti,NH2-BDC,ДМФА,0.89,1.086,150,150,40.0,1
197,MOF-197(Ti),140,0.171482556,19.62424242424242,0.6114885731933292,4.943,6.476,440.004,0.342482556,58.281,0.171,Ti,NH2-BDC,ДМФА,0.89,1.086,150,150,40.0,1
198,MOF#198(Ti),150,0.1786638,17.51515151515152,0.6851211072664359,5.15,5.78,468.7,0.592,166.256,0.414,Ti,NH2-BDC,ДМФА,0.89,1.085,150,150,30.0,1
200,MOF#200(Al),130,0.4024272,24.24242424242424,0.495,11.6,8.0,982.98,0.6924272,168.8,0.29,Al,BDC,ДМФА,0.751,0.4995,130,130,28.0,1
201,MOF#201(Fe),130,0.35281764,16.09090909090909,0.7457627118644068,10.17,5.31,975.4,0.6328176400000001,70.9,0.2800000000000001,Fe,BTC,ДМФА,1.212,0.63,130,130,24.0,1
201,MOF-201-150(Fe),150,0.47458656,13.57575757575758,0.8839285714285714,13.68,4.48,1122.0,0.62458656,63.0,0.15,Fe,BTC,ДМФА,1.212,0.63,130,130,24.0,1
201,MOF-201-180(Fe),180,0.5026870800000001,13.90909090909091,0.8627450980392157,14.49,4.59,1198.0,0.68268708,62.0,0.1799999999999999,Fe,BTC,ДМФА,1.212,0.63,130,130,24.0,1
201,MOF-201-200(Fe),200,0.48360648,23.18181818181818,0.5176470588235293,13.94,7.65,1144.0,0.64360648,62.0,0.16,Fe,BTC,ДМФА,1.212,0.63,130,130,24.0,1
201,MOF-201-220(Fe),220,0.49054488,14.60606060606061,0.8215767634854773,14.14,4.82,1192.0,0.68054488,60.0,0.19,Fe,BTC,ДМФА,1.212,0.63,130,130,24.0,1
201,MOF-201-250(Fe),250,0.48603492,14.54545454545454,0.8250000000000001,14.01,4.8,1179.0,0.65603492,59.0,0.17,Fe,BTC,ДМФА,1.212,0.63,130,130,24.0,1
204,MOF#204(Zn),130,0.3850812,20.42424242424243,0.5875370919881305,11.1,6.74,896.2,0.5950812,119.4,0.21,Zn,BTB,ДМФА,0.3565,0.3498,130,130,64.0,1
205,MOF#205(Al),130,0.5297468399999999,25.15151515151515,0.4771084337349397,15.27,8.3,1274.0,1.699,270.9,1.169,Al,BDC,ДМФА,0.754,0.499,130,130,28.0,1
206,MOF#206(Al),130,0.5016463200000001,25.90909090909091,0.4631578947368421,14.46,8.55,1210.1,0.7816463200000001,142.9,0.28,Al,BDC,ДМФА,0.7546,0.499,130,130,28.0,1
207,MOF#207(Fe),130,0.38889732,16.36363636363636,0.7333333333333334,11.21,5.4,1021.3,0.5988973200000001,54.1,0.2100000000000001,Fe,BTC,ДМФА,1.2128,0.6324,130,130,24.0,1
208,MOF#208(Al),130,0.5162169600000001,25.03030303030303,0.4794188861985473,14.88,8.26,1251.8,0.85621696,185.2,0.34,Al,BDC,ДМФА,0.7554,0.4995,130,130,28.0,1
209,MOF#209(Fe),130,0.58074408,15.81818181818182,0.7586206896551725,16.74,5.22,1674.3,1.151,136.115,0.57,Fe,NH2-BDC,ДМФА,0.8088,0.5433,130,130,24.0,1
210,MOF#210(Zn),130,0.08568924,21.42424242424243,0.56011315417256,2.47,7.07,197.8,0.15568924,32.2,0.0699999999999999,Zn,BTB,ДМФА,0.3556,0.3501,130,130,64.0,1
211,MOF#211(Al),130,0.5176046400000001,24.42424242424243,0.4913151364764268,14.92,8.06,1252.1,1.746,269.184,1.229,Al,BDC,ДМФА,0.7548,0.499,130,130,28.0,1
212,MOF#212(Al),130,0.5418890399999999,25.57575757575757,0.4691943127962085,15.62,8.44,1304.5,1.833,260.301,1.291,Al,BDC,ДМФА,0.7549,0.4994,130,130,28.0,1
213,MOF#213(Al),140,0.5110131600000001,27.18181818181818,0.4414715719063545,14.73,8.97,1232.4,1.523,253.924,1.012,Al,BDC,ДМФА,0.7565,0.498,140,140,28.0,1
215,MOF#215(Fe),130,0.4457922,15.72727272727273,0.7630057803468208,12.85,5.19,1263.0,0.912,117.146,0.467,Fe,BTC,ДМФА,1.2129,0.6306,130,130,40.0,1
216,MOF#216(Zn),130,0.07354704,18.48484848484848,0.6491803278688525,2.12,6.1,168.4,0.10354704,14.2,0.03,Zn,BTB,ДМФА,0.3566,0.3508,130,130,64.0,1
217,MOF#217(Ti),150,0.182133,17.57575757575757,0.6827586206896552,5.25,5.8,483.7,1.199,289.933,1.016,Ti,BDC,ДМФА,2.556,2.493,150,150,50.0,1
218,MOF#218(Fe),130,0.09991296,16.84848484848485,0.7122302158273381,2.88,5.56,241.4,0.23991296,0.0,0.14,Fe,NH2-BDC,ДМФА,0.8074,0.5434,130,130,24.0,1
219,MOF#219(Fe),130,0.5516028000000001,15.66666666666667,0.7659574468085106,15.9,5.17,1596.8,1.0116028,87.3,0.4599999999999999,Fe,NH2-BDC,ДМФА,0.8081,0.5436,130,130,24.0,1
221,MOF#221(Ti),130,0.0964437599999999,18.3030303030303,0.6556291390728478,2.78,6.04,254.9,0.37644376,120.7,0.28,Ti,BDC,ДМФА,1.136,2.4896,130,130,50.0,1
222,MOF-222(Zn)^^,110,0.07007784,26.54545454545454,0.452054794520548,2.02,8.76,169.0,0.08007784,10.0,0.0099999999999999,Zn,BTB,ДМФА,0.3566,0.349,110,110,64.0,1
225,MOF-225^^,110,0.06695556,25.45454545454545,0.4714285714285715,1.93,8.4,164.0,0.11695556,31.0,0.05,Zn,BTB,ДМФА,0.3562,0.349,110,130,64.0,1
226,MOF-226(Al),130,0.49019796,15.81818181818182,0.7586206896551725,14.13,5.22,1409.2,1.11019796,396.8,0.6200000000000001,Al,BTC,ДМФА,1.0743,0.4926,130,130,28.0,1
227,MOF-227(Al),130,0.4561998,16.12121212121212,0.7443609022556391,13.15,5.32,1304.3,0.9861998,369.7,0.53,Al,BTC,ДМФА,1.0746,0.492,130,130,28.0,1
228,MOF-228(Al),130,0.48985104,16.24242424242424,0.7388059701492538,14.12,5.36,1391.7,0.8898510399999999,272.5,0.3999999999999999,Al,BTC,ДМФА,1.0749,0.4929,130,130,28.0,1
230,MOF-230(Al)^^,130,0.44301684,23.57575757575757,0.5089974293059126,12.77,7.78,1069.0,1.35301684,334.0,0.91,Al,BDC,ДМФА,0.756,2.4985,120,120,28.0,1
231,MOF-231(Al),120,0.47736192,24.57575757575757,0.4882860665844637,13.76,8.11,1167.2,1.26736192,307.5,0.7899999999999999,Al,BDC,ДМФА,0.756,2.4985,120,120,28.0,1
236,MOF-236(Al),130,0.47077044,22.66666666666667,0.5294117647058824,13.57,7.48,1123.6,1.39077044,233.9,0.92,Al,BDC,ДМФА,2.5023,1.661,130,130,50.0,1
236,MOF-236Al-BTC,150,0.37328592,16.27272727272727,0.7374301675977654,10.76,5.37,1080.0,0.62,2.18,0.247,Al,BDC,ДМФА,2.5023,1.661,130,130,50.0,1
237,MOF#237(Zr),95,0.0589764,15.12121212121212,0.7935871743486974,1.7,4.99,178.6,0.4789764,154.0,0.42,Zr,BTC,ДМФА,1.2582,1.0003,95,95,36.0,1
240,MOF#240(Cu-BTC),120,0.32992092,35.84848484848484,0.3347421808960271,9.51,11.83,791.6,0.35992092,16.31,0.0299999999999999,Cu,BTC,ДМФА,4.0045,2.0077,120,120,48.0,1
242,MOF#242(Zr-BDC),110,0.35142996,19.84848484848485,0.6045801526717558,10.13,6.55,811.6,0.45142996,33.04,0.1,Zr,BDC,ДМФА,0.1083,0.0698,110,110,26.0,1
243,MOF-243(Zr),120,0.28898436,19.96969696969697,0.6009104704097117,8.33,6.59,672.8,0.35898436,27.7,0.07,Zr,BDC,ДМФА,0.1603,0.1024,120,120,26.0,1
244,MOF-244(Cu),120,0.3108403200000001,34.93939393939394,0.3434518647007806,8.96,11.53,741.9,0.3408403200000001,15.96,0.0299999999999999,Cu,BTC,ДМФА,4.0031,2.008,120,120,48.0,1
245,MOF#245(Cu),120,0.3677352,38.21212121212121,0.3140364789849326,10.6,12.61,878.1,0.3977352,15.9,0.03,Cu,BTC,ДМФА,4.0025,2.0038,120,120,48.0,1
246,MOF-246(Zr),120,0.35316456,18.21212121212121,0.658901830282862,10.18,6.01,830.4,0.53316456,57.6,0.18,Zr,BDC,ДМФА,0.1079,0.0723,120,130,26.0,1
248,MOF-248(Zr-BDC),120,0.3087588,19.84848484848485,0.6045801526717558,8.9,6.55,731.5,0.4187588,37.1,0.11,Zr,BDC,ДМФА,0.1075,0.0681,120,110,28.0,1
252,MOF-252(Cu),110,0.29731044,33.63636363636363,0.3567567567567568,8.57,11.1,715.0,0.32731044,14.2,0.0299999999999999,Cu,BTC,ДМФА,4.0042,2.0002,110,110,48.0,1
253,MOF-253(Al)^^,130,0.52488996,15.72727272727273,0.7630057803468208,15.13,5.19,1527.3,1.74488996,439.1,1.22,Al,BTC,ДМФА,1.0742,0.4911,130,130,28.0,1
253,MOF-253(AlBTC)-150C,150,0.492175404,16.22727272727273,0.7394957983193278,14.187,5.355,1479.525,1.668175404,472.382,1.176,Al,BTC,ДМФА,1.0742,0.4911,130,130,28.0,1
254,MOF#254(Fe),130,0.23278332,15.51515151515152,0.7734375,6.71,5.12,629.6,0.96278332,201.6,0.73,Fe,BDC,ДМФА,0.8087,0.4984,103,130,24.0,1
255,MOF-255(Zn)^^,110,0.58074408,14.84848484848485,0.8081632653061224,16.74,4.9,1162.8,0.58074408,7.4,0.0,Zn,BTB,ДМФА,0.3562,0.3509,110,110,64.0,1
256,MOF-256(Zn)^^,110,0.09817836,25.84848484848484,0.4642438452520516,2.83,8.53,238.7,0.10817836,6.4,0.0099999999999999,Zn,BTB,ДМФА,0.3567,0.3495,110,110,64.0,1
257,MOF#257(Cu)^^,110,0.30286116,34.36363636363636,0.3492063492063492,8.73,11.34,723.7,0.34286116,13.7,0.0399999999999999,Cu,BTC,ДМФА,4.0059,2.0059,110,110,48.0,1
258,MOF#258(Cu)^^,110,0.30216732,35.57575757575758,0.3373083475298126,8.71,11.74,723.5,0.34216732,15.2,0.0399999999999999,Cu,BTC,ДМФА,4.1588,2.0002,110,110,40.0,1
259,MOF-259(Cu)^^,110,0.3080649600000001,35.21212121212121,0.3407917383820999,8.88,11.62,737.8,0.3380649600000001,11.5,0.0299999999999999,Cu,BTC,ДМФА,4.0039,2.0058,110,110,48.0,1
260,MOF-260(Cu)^^,110,0.29696352,34.39393939393939,0.3488986784140969,8.56,11.35,710.3,0.3169635200000001,11.0,0.0200000000000001,Cu,BTC,ДМФА,4.0064,2.006,110,110,48.0,1
262,MOF#262(Cu)^^,110,0.3174318,34.75757575757576,0.3452484742807324,9.15,11.47,758.5,0.3474318000000001,13.1,0.0300000000000001,Cu,BTC,ДМФА,4.0021,2.0093,110,110,48.0,1
263,MOF-263(Cu),110,0.29800428,33.78787878787879,0.3551569506726457,8.59,11.15,711.6,0.32800428,11.0,0.0299999999999999,Cu,BTC,ДМФА,4.0079,2.0047,110,110,48.0,1
264,MOF-264(Cu)^^,110,0.31951332,33.48484848484848,0.3583710407239819,9.21,11.05,713.5,0.3395133200000001,4.8,0.0200000000000001,Cu,BTC,ДМФА,4.0034,2.0074,110,110,48.0,1
265,MOF-265(Cu)^^,110,0.3191664,33.09090909090909,0.3626373626373627,9.2,10.92,758.5,0.3391664,9.3,0.0199999999999999,Cu,BTC,ДМФА,4.0074,2.0069,110,130,48.0,1
266,MOF-266(Cu)^^,110,0.30737112,34.39393939393939,0.3488986784140969,8.86,11.35,734.8,0.31737112,4.9,0.01,Cu,BTC,ДМФА,4.0064,2.0035,110,130,48.0,1
267,MOF-HKUST-1,110,0.30633036,33.87878787878788,0.3542039355992845,8.83,11.18,732.4,0.32633036,10.9,0.0199999999999999,Cu,BTC,ДМФА,4.0051,2.0006,110,130,40.0,1
268,MOF#268(Cu)^^,110,0.29453508,34.09090909090909,0.352,8.49,11.25,705.1,0.31453508,12.3,0.02,Cu,BTC,ДМФА,1.9695,2.0101,110,110,48.0,1
269,MOF-HKUST-1,110,0.30633036,33.87878787878788,0.3542039355992845,8.83,11.18,732.4,0.32633036,10.9,0.0199999999999999,Cu,BTC,ДМФА,4.0016,2.0031,110,110,40.0,1
270,MOF-HKUST-1,110,0.30633036,33.87878787878788,0.3542039355992845,8.83,11.18,732.4,0.32633036,10.9,0.0199999999999999,Cu,BTC,ДМФА,4.0044,2.007,110,110,40.0,1
271,MOF-HKUST-1,110,0.30633036,33.87878787878788,0.3542039355992845,8.83,11.18,732.4,0.32633036,10.9,0.0199999999999999,Cu,BTC,ДМФА,3.9994,1.9994,110,110,40.0,1
272,MOF-HKUST-1,110,0.30633036,33.87878787878788,0.3542039355992845,8.83,11.18,732.4,0.32633036,10.9,0.0199999999999999,Cu,BTC,ДМФА,4.0008,2.0001,110,110,40.0,1
273,MOF-273,110,0.303173388,35.44545454545454,0.3385483457296743,8.739,11.697,723.329,0.3261733880000001,9.679,0.0230000000000001,Cu,BTC,ДМФА,4.0081,1.999,110,120,40.0,1
274,MOF-HKUST-1,110,0.30633036,33.87878787878788,0.3542039355992845,8.83,11.18,732.4,0.32633036,10.9,0.0199999999999999,Cu,BTC,ДМФА,4.0018,2.006,110,120,40.0,1
275,MOF-HKUST-1,110,0.30633036,33.87878787878788,0.3542039355992845,8.83,11.18,732.4,0.32633036,10.9,0.0199999999999999,Cu,BTC,ДМФА,4.004,2.0002,110,120,40.0,1
276,MOF-276,110,0.17554152,35.57575757575758,0.3373083475298126,5.06,11.74,420.1,0.2,8.76,0.03,Cu,BTC,ДМФА,0.8591,1.0275,110,120,24.0,1
277,MOF-HKUST-1,110,0.30633036,33.87878787878788,0.3542039355992845,8.83,11.18,732.4,0.32633036,10.9,0.0199999999999999,Cu,BTC,ДМФА,4.0039,2.0075,120,120,40.0,1
278,MOF-HKUST-1,110,0.30633036,33.87878787878788,0.3542039355992845,8.83,11.18,732.4,0.32633036,10.9,0.0199999999999999,Cu,BTC,ДМФА,4.0034,2.0041,120,120,40.0,1
279,MOF-HKUST-1,110,0.30633036,33.87878787878788,0.3542039355992845,8.83,11.18,732.4,0.32633036,10.9,0.0199999999999999,Cu,BTC,ДМФА,4.0039,2.0013,120,120,40.0,1
280,MOF-280(Cu)^^,120,0.31847256,33.51515151515152,0.3580470162748643,9.18,11.06,755.3,0.31847256,0.6,0.0,Cu,BTC,ДМСО,4.003,2.0014,120,120,40.0,1
281,MOF-281,120,0.33165552,34.33333333333333,0.3495145631067962,9.56,11.33,789.2,0.34165552,4.4,0.01,Cu,BTC,ДМФА,4.0055,2.0083,120,120,40.0,1
282,MOF-282,110,0.3080649600000001,33.81818181818182,0.3548387096774193,8.88,11.16,733.5,0.3280649600000001,12.1,0.02,Cu,BTC,ДМФА,4.006,2.007,120,120,40.0,1
285,MOF-285(Al-BTC),130,0.5578473599999999,15.30606060606061,0.7840031676895663,16.08,5.051,1639.502,1.91984736,561.989,1.362,Al,BTC,ДМФА,1.0705,0.4931,130,120,28.0,1
285,MOF-285Al-BTC,300,0.273095424,16.17575757575758,0.7418508804795804,7.872,5.338,798.428,0.273095424,0.0,0.0,Al,BTC,ДМФА,1.0705,0.4931,130,120,28.0,1
286,MOF-286(Al-BTC-iso),120,0.101925096,15.03030303030303,0.7983870967741936,2.938,4.96,271.966,0.360925096,87.209,0.259,Al,BTC,ДМФА,0.4087,0.4207,120,120,28.0,1
288,MOF-288(Al-BTC),120,0.533979264,14.46363636363636,0.8296668761785042,15.392,4.773,1407.559,1.344979264,400.299,0.811,Al,BTC,ДМФА,1.0717,0.494,120,120,28.0,1
291,MOF-291,110,0.303797844,31.33333333333333,0.3829787234042553,8.757,10.34,728.96,0.330797844,12.909,0.027,Cu,BTC,ДМФА,4.0088,2.0032,110,110,40.0,1
292,MOF-292(Cu),110,0.291551568,32.93030303030303,0.3644059998159566,8.404,10.867,691.771,0.331551568,16.922,0.04,Cu,BTC,ДМФА,4.0051,2.008,110,110,40.0,1
295,MOF-295(Al)^^,130,0.3139626,16.54545454545454,0.7252747252747254,9.05,5.46,902.0,0.9339626,353.0,0.6200000000000001,Al,BTC,ДМФА,1.0706,0.4939,130,130,28.0,1
295,MOF-295(Al),160,0.314031984,16.55757575757576,0.7247437774524158,9.052,5.464,901.817,0.934031984,353.1,0.62,Al,BTC,ДМФА,1.0706,0.4939,130,130,28.0,1
296,MOF-296(Zn),130,0.15680784,29.18181818181818,0.411214953271028,4.52,9.63,373.0,0.17680784,9.0,0.0199999999999999,Zn,BDC,ДМФА,0.8917,0.4982,130,130,24.0,1
298,MOF-298(Cu)_200^^,110,0.36010296,39.87878787878788,0.3009118541033435,10.38,13.16,889.0,0.56010296,72.0,0.2,Cu,BTC,ДМФА,4.0028,2.0014,110,120,40.0,1
298,MOF-298-160(Cu),160,0.4527306,38.93939393939394,0.3081712062256809,13.05,12.85,1076.0,0.4827306,14.0,0.03,Cu,BTC,ДМФА,4.0028,2.0014,110,120,40.0,1
298,MOF-298-180(Cu),180,0.5221146,37.24242424242424,0.3222131814483321,15.05,12.29,1269.0,0.5721146,19.0,0.05,Cu,BTC,ДМФА,4.0028,2.0014,110,120,40.0,1
298,MOF-298,200,0.360033576,39.89393939393939,0.3007975693125712,10.378,13.165,889.337,0.559033576,71.531,0.199,Cu,BTC,ДМФА,4.0028,2.0014,110,120,40.0,1
298,MOF-298(120)-200,120,0.55819428,39.18181818181818,0.3062645011600929,16.09,12.93,1364.0,0.6081942800000001,19.0,0.05,Cu,BTC,ДМФА,4.0028,2.0014,110,120,40.0,1
299,MOF-299-305^^(Zr-BDC),110,0.44787372,18.81818181818182,0.6376811594202899,12.91,6.21,1038.0,0.82787372,94.4,0.3800000000000001,Zr,BDC,ДМФА,0.7699999999999999,0.4859599999999999,110,160,182.0,1
299,MOF-299-305(Zr-BDC),160,0.44804718,18.81818181818182,0.6376811594202899,12.915,6.21,1038.038,0.82504718,94.485,0.377,Zr,BDC,ДМФА,0.7699999999999999,0.4859599999999999,110,160,182.0,1
306,MOF-306(Al),140,0.54535824,15.60606060606061,0.7689320388349515,15.72,5.15,1590.0,1.23535824,486.0,0.6900000000000001,Al,BTC,ДМФА,1.0707,0.4937,140,110,28.0,1
307,MOF-307(Zn),140,0.1630524,37.96969696969697,0.3160415003990423,4.7,12.53,404.0,0.179,0.717,0.016,Zn,BDC,ДМФА,0.8918,0.4986,140,110,24.0,1
314,MOF-314(Zn),150,0.15680784,29.18181818181818,0.411214953271028,4.52,9.63,373.0,0.17680784,9.0,0.0199999999999999,Zn,BDC,ДМФА,0.8914,0.4985,150,150,24.0,1
318,MOF-318-319(Al),130,0.4544652,16.39393939393939,0.7319778188539741,13.1,5.41,1297.0,0.8144652,222.0,0.36,Al,BTC,ДМФА,1.0804,0.4915,130,150,28.0,1
319,MOF-318-319(Al),130,0.4544652,16.39393939393939,0.7319778188539741,13.1,5.41,1297.0,0.8144652,222.0,0.36,Al,BTC,ДМФА,1.0805,0.4916,130,150,28.0,1
326,MOF-326-180(Cu),180,0.46209744,38.45454545454545,0.3120567375886525,13.32,12.69,1130.0,0.53209744,33.0,0.07,Cu,BTC,ДМФА/Вода,4.0028,1.9992,120,130,60.0,2
326,MOF-CuBTC-326(200C),200,0.55368432,29.36363636363636,0.4086687306501549,15.96,9.69,1324.0,0.66368432,68.0,0.11,Cu,BTC,ДМФА/Вода,4.0028,1.9992,120,130,60.0,2
326,MOF-CuBTC-326(230C),230,0.4579344,49.90909090909091,0.2404371584699454,13.2,16.47,1140.0,0.5779344,52.0,0.1199999999999999,Cu,BTC,ДМФА/Вода,4.0028,1.9992,120,130,60.0,2
329,MOF-329-160(Cu),160,0.07146552,28.45454545454545,0.4217252396166135,2.06,9.39,171.0,0.12146552,26.0,0.0499999999999999,Cu,BTC,ДМФА/Вода,4.0011,2.0008,130,160,60.0,1
329,MOF-329-180(Cu),180,0.0485688,32.6060606060606,0.3680297397769517,1.4,10.76,120.0,0.0985688,20.0,0.05,Cu,BTC,ДМФА/Вода,4.0011,2.0008,130,160,60.0,1
330,MOF-330-200(Cu),200,0.21578424,35.90909090909091,0.3341772151898734,6.22,11.85,524.0,0.30578424,26.0,0.09,Cu,BTC,ДМСО,4.0044,2.0008,130,160,40.0,1
330,MOF-330-230(Cu),230,0.05516028,26.51515151515152,0.4525714285714286,1.59,8.75,133.0,0.118,19.606,0.063,Cu,BTC,ДМСО,4.0044,2.0008,130,160,40.0,1
331,MOF-331-160(Cu),160,0.37363284,36.81818181818182,0.3259259259259259,10.77,12.15,892.0,0.4136328399999999,18.0,0.0399999999999998,Cu,BTC,ДМФА,4.0056,2.0052,120,160,40.0,1
331,MOF-331-180(Cu),180,0.47077044,35.45454545454545,0.3384615384615385,13.57,11.7,1114.0,0.50077044,17.0,0.03,Cu,BTC,ДМФА,4.0056,2.0052,120,160,40.0,1
331,MOF-331-200(Cu),200,0.43677228,37.54545454545455,0.3196125907990315,12.59,12.39,1068.0,0.54677228,40.0,0.11,Cu,BTC,ДМФА,4.0056,2.0052,120,160,40.0,1
331,MOF-331-230(Cu),230,0.48360648,46.03030303030302,0.2606978275181041,13.94,15.19,1199.0,0.6236064800000001,43.0,0.1400000000000001,Cu,BTC,ДМФА,4.0056,2.0052,120,160,40.0,1
332,MOF-332-160(Cu),160,0.40901868,37.87878787878788,0.3168,11.79,12.5,967.0,0.43901868,17.0,0.0299999999999999,Cu,BTC,ДМФА,4.0053,2.0066,120,160,40.0,1
332,MOF-332-180(Cu),180,0.45932208,37.99999999999999,0.3157894736842106,13.24,12.54,1117.0,0.51932208,26.0,0.06,Cu,BTC,ДМФА,4.0053,2.0066,120,160,40.0,1
332,MOF-332-200(Cu),200,0.36530676,41.12121212121212,0.2918201915991157,10.53,13.57,902.0,0.5053067600000001,54.0,0.1400000000000001,Cu,BTC,ДМФА,4.0053,2.0066,120,160,40.0,1
332,MOF-332-230Reg(Cu),230,0.29418816,38.31515151515151,0.3131920278392914,8.48,12.644,721.098,0.52,63.0,0.23,Cu,BTC,ДМФА,4.0053,2.0066,120,160,40.0,1
334,MOF-334-200(Cu),200,0.42601776,37.78787878787879,0.3175621491579791,12.28,12.47,1034.0,0.47601776,17.0,0.0499999999999999,Cu,BTC,ДМФА,4.0046,2.0056,120,160,40.0,1
337,MOF-337-200(Cu),200,0.62827212,19.60606060606061,0.6120556414219475,18.11,6.47,1447.0,0.67827212,42.0,0.05,Cu,BTC,ДМФА,4.005,2.0065,110,160,40.0,1
337,MOF-337-210(Cu),210,0.0704247599999999,21.51515151515151,0.5577464788732395,2.03,7.1,166.0,0.23042476,42.0,0.16,Cu,BTC,ДМФА,4.005,2.0065,110,160,40.0,1
337,MOF-337(CuBTC)-145,145,0.337518468,37.58181818181818,0.3193033381712627,9.729,12.402,817.354,0.4315184679999999,62.908,0.0939999999999998,Cu,BTC,ДМФА,4.005,2.0065,110,160,40.0,1
343,MOF-343(Cu),200,0.66053568,22.33333333333333,0.5373134328358209,19.04,7.37,1530.0,0.69053568,24.0,0.03,Cu,BTC,ДМФА,4.0097,1.9998,110,110,40.0,1
343,MOF-343-130(Cu),130,0.47840268,36.45454545454545,0.3291770573566085,13.79,12.03,1145.0,0.52840268,23.0,0.0499999999999999,Cu,BTC,ДМФА,4.0097,1.9998,110,110,40.0,1
351,MOF-351(Zr)^^,130,0.57172416,16.39393939393939,0.7319778188539741,16.48,5.41,1333.0,1.23172416,148.0,0.6599999999999999,Zr,BDC,ДМФА,0.6839,1.063,130,160,64.0,1
351,MOF-351-180(Zr)^^,180,0.46972968,17.33333333333333,0.6923076923076924,13.54,5.72,1089.0,0.89972968,124.0,0.43,Zr,BDC,ДМФА,0.6839,1.063,130,160,64.0,1
351,MOF-351(ZrBDC),160,0.57189762,16.39696969696969,0.7318425429680282,16.485,5.411,1333.118,1.22689762,147.803,0.6549999999999999,Zr,BDC,ДМФА,0.6839,1.063,130,160,64.0,1
352,MOF-352+353(Al),160,0.300363336,17.66666666666666,0.679245283018868,8.658,5.83,759.022,0.5873633359999999,184.895,0.2869999999999999,Al,BTC,ДМФА,1.0706,0.4932,130,130,28.0,1
352,MOF-352+353^^,130,0.3000858,17.66666666666666,0.679245283018868,8.65,5.83,759.0,0.5900858,184.0,0.29,Al,BTC,ДМФА,1.0706,0.4932,130,130,28.0,1
354,MOF-354(Al)^^,130,0.2966166,17.18181818181818,0.6984126984126985,8.55,5.67,748.0,0.5466166,215.0,0.25,Al,BTC,ДМФА,1.0706,0.493,130,160,28.0,1
354,MOF-354(Al),160,0.296477832,17.1939393939394,0.6979203383856185,8.546,5.674,748.079,0.550477832,214.661,0.254,Al,BTC,ДМФА,1.0706,0.493,130,160,28.0,1
355,MOF-355(160C)(Zr)^^,160,0.46452588,18.12121212121212,0.6622073578595318,13.39,5.98,1112.0,1.08452588,247.0,0.6199999999999999,Zr,BDC,ДМФА,1.3788,2.1398,130,110,128.0,1
355,MOF-355(Zr)^^,130,0.51933924,16.27272727272727,0.7374301675977654,14.97,5.37,1501.0,2.09933924,770.0,1.58,Zr,BDC,ДМФА,1.3788,2.1398,130,110,128.0,1
358,MOF-358(Al)^^,130,0.46244436,15.63636363636364,0.7674418604651163,13.33,5.16,1257.0,0.93244436,318.0,0.47,Al,BTC,ДМФА,1.0746,0.4933,130,160,28.0,1
358,MOF-358(AlBTC),160,0.4624096680000001,15.64545454545454,0.7669959325973271,13.329,5.163,1257.462,0.924409668,318.414,0.4619999999999999,Al,BTC,ДМФА,1.0746,0.4933,130,160,28.0,1
365,MOF-365-220C(CuBTC)^^,220,0.6383327999999999,51.27272727272727,0.2340425531914894,18.4,16.92,1589.0,0.7183327999999999,21.0,0.0799999999999999,Cu,BTC,ДМФА,4.0003,2.0002,100,100,40.0,1
366,MOF-366-220C(CuBTC)^^,220,0.66469872,57.2121212121212,0.2097457627118644,19.16,18.88,1667.0,0.7446987199999999,22.0,0.0799999999999999,Cu,BTC,ДМФА,4.0001,2.0003,100,100,36.0,1
370,MOF-370-P-130C,130,0.36322524,38.36363636363636,0.3127962085308057,10.47,12.66,892.0,0.41322524,24.0,0.0499999999999999,Cu,BTC,ДМФА,16.0005,8.0015,100,100,128.0,1
370,MOF-370-P-160C,160,0.5307876,38.93939393939394,0.3081712062256809,15.3,12.85,1278.0,0.5607876,11.0,0.03,Cu,BTC,ДМФА,16.0005,8.0015,100,100,128.0,1
370,MOF-370-P-180C,180,0.35489916,39.90909090909091,0.3006833712984055,10.23,13.17,879.0,0.51489916,59.0,0.16,Cu,BTC,ДМФА,16.0005,8.0015,100,100,128.0,1
370,MOF-370-P-200C,200,0.66018876,52.51515151515151,0.2285054818234276,19.03,17.33,1660.0,0.74018876,20.0,0.0799999999999999,Cu,BTC,ДМФА,16.0005,8.0015,100,100,128.0,1
370,MOF-370-P-230C,230,0.65984184,60.6969696969697,0.1977034448327509,19.02,20.03,1688.0,0.74984184,21.0,0.0899999999999999,Cu,BTC,ДМФА,16.0005,8.0015,100,100,128.0,1
370,MOF-370-P-240C,240,0.5914986,56.81818181818181,0.2112,17.05,18.75,1498.0,0.6814986,23.0,0.0899999999999999,Cu,BTC,ДМФА,16.0005,8.0015,100,100,128.0,1
370,MOF-370-P-250C,250,0.0877707599999999,25.6060606060606,0.4686390532544379,2.53,8.45,229.0,0.24777076,54.0,0.16,Cu,BTC,ДМФА,16.0005,8.0015,100,100,128.0,1
382,MOF-382(Cu),110,0.44162916,35.48484848484848,0.3381725021349274,12.73,11.71,1051.0,0.46162916,5.2,0.0199999999999999,Cu,BTC,ДМФА,4.0005,2.0003,110,110,32.0,1
382,MOF-382(CuBTC)-150,150,0.408741144,38.69090909090909,0.3101503759398497,11.782,12.768,983.498,0.429741144,3.692,0.021,Cu,BTC,ДМФА,4.0005,2.0003,110,110,32.0,1
389,MOF-389(Cu)^^,120,0.320901,36.57575757575758,0.328086164043082,9.25,12.07,770.0,0.350901,7.0,0.03,Cu,BTC,ДМФА,20.0025,10.0018,120,110,160.0,1
393,MOF-393(Zr)^^,160,0.53703216,21.42424242424243,0.56011315417256,15.48,7.07,1268.0,0.57703216,9.0,0.04,Zr,BDC,ДМФА,1.5991,1.0291,110,110,96.0,1
394,MOF-394(CuBTC)^^,200,0.57866256,46.54545454545454,0.2578125000000001,16.68,15.36,1438.0,0.63866256,16.0,0.0599999999999999,Cu,BTC,ДМФА,8.0012,4.0008,110,110,64.0,1
398,MOF-398,250,0.407492232,36.1060606060606,0.3323541754091482,11.746,11.915,964.006,0.421492232,0.057,0.014,Cu,BTC,ДМФА,3.6317,2.1004,110,110,20.0,1
399,MOF-399,150,0.387613716,36.23636363636363,0.3311590566984446,11.173,11.958,914.288,0.401613716,0.061,0.014,Cu,BTC,ДМФА,3.6308,2.1009,110,110,24.0,1
402,MOF-402,150,0.485237004,35.83636363636364,0.334855403348554,13.987,11.826,1133.19,0.485237004,0.05,0.0,Cu,BTC,ДМФА/Этанол,4.0009,2.0005,110,130,32.0,1
407,MOF-407,120,0.3503892,34.51515151515152,0.3476733977172959,10.1,11.39,826.0,0.3503892,1.98,0.0,Cu,BTC,ДМСО,4.0008,2.0003,120,120,32.0,1
409,MOF-409,120,0.32402328,34.18181818181818,0.351063829787234,9.34,11.28,763.0,0.33402328,4.0,0.0099999999999999,Cu,BTC,ДМСО,4.0008,2.0006,120,120,32.0,1
410,MOF-410,120,0.16235856,37.48484848484848,0.3201293451899758,4.68,12.37,385.0,0.16635856,0.5,0.0039999999999999,Cu,BTC,ДМФА/Этанол/Вода,4.0003,2.0009,120,120,30.0,1
414,MOF-414,300,0.09071958,30.06666666666667,0.3991130820399113,2.615,9.922,214.315,0.09971958,0.013,0.0089999999999999,Cu,BTC,ДМФА,4.0009,2.0005,120,110,32.0,1
415,MOF-415,300,0.208013232,30.4,0.3947368421052632,5.996,10.032,495.797,0.229013232,0.019,0.021,Cu,BTC,ДМФА,4.0001,2.0009,120,110,32.0,1
416,MOF-416,300,0.399859992,37.66666666666666,0.3185840707964602,11.526,12.43,941.586,0.405859992,0.04,0.006,Cu,BTC,ДМФА,4.0004,2.0007,120,110,32.0,1
417,MOF-417,110,0.379426404,35.13030303030303,0.3415854394893471,10.937,11.593,900.0,0.390426404,0.04,0.011,Cu,BTC,ДМФА,4.003,2.0004,110,110,32.0,1
418,MOF-418,110,0.342652884,37.66363636363636,0.3186097031136857,9.877,12.429,810.0,0.3496528840000001,0.04,0.0070000000000001,Cu,BTC,ДМФА,4.0008,2.0007,110,110,32.0,1
419,MOF-419,110,0.345913932,41.43333333333333,0.2896218825422365,9.971,13.673,840.0,0.361913932,0.1,0.016,Cu,BTC,ДМФА,4.0002,2.0008,110,110,32.0,1
420,MOF-420,110,0.33581856,38.75757575757575,0.3096168881939015,9.68,12.79,813.0,0.35581856,12.0,0.02,Cu,BTC,ДМФА,4.0004,2.0009,110,110,32.0,1
421,MOF-421,110,0.23625252,44.6969696969697,0.2684745762711864,6.81,14.75,547.0,0.26625252,18.0,0.03,Cu,BTC,ДМФА,4.0007,2.0003,110,110,32.0,1
422,MOF-422,110,0.27267912,61.15151515151515,0.1962338949454906,7.86,20.18,688.0,0.32267912,14.0,0.0499999999999999,Cu,BTC,ДМФА,4.0008,2.0002,110,110,32.0,1
424,MOF-424,130,0.43607844,15.06060606060606,0.7967806841046279,12.57,4.97,1000.0,0.52607844,940.0,0.09,Al,BTC,ДМФА,3.2108,1.4797,130,130,84.0,1
425,MOF-425,160,0.52835916,12.64545454545454,0.9489575844716032,15.23,4.173,1132.235,0.5653591600000001,1142.406,0.037,Al,BTC,ДМФА,4.282,1.9734,130,130,112.0,1
425,mof-425,130,0.52835916,12.63636363636363,0.9496402877697844,15.23,4.17,1130.0,0.5683591600000001,1140.0,0.04,Al,BTC,ДМФА,4.282,1.9734,130,130,112.0,1
426,MOF-426,150,0.300536796,32.74242424242424,0.3664969921332716,8.663,10.805,710.0,0.306536796,0.04,0.006,Cu,BTC,ДМФА,16.0016,8.0021,110,110,128.0,1
426,MOF-426Cu-BTC,130,0.29800428,33.48484848484848,0.3583710407239819,8.59,11.05,710.0,0.30800428,0.04,0.01,Cu,BTC,ДМФА,16.0016,8.0021,110,110,128.0,1
427,MOF-427,110,0.31170762,33.77272727272727,0.3553162853297443,8.985,11.145,730.0,0.31570762,0.04,0.004,Cu,BTC,ДМФА,12.0005,6.0005,110,110,96.0,1
427,MOF-427Cu-BTC,130,0.31170762,35.76969696969697,0.3354794984750932,8.985,11.804,734.285,0.31470762,0.112,0.003,Cu,BTC,ДМФА,12.0005,6.0005,110,110,96.0,1
428,MOF-428,110,0.39479496,38.82727272727273,0.3090611098103488,11.38,12.813,940.0,0.40579496,0.05,0.011,Cu,BTC,ДМФА,12.0014,6.0013,110,110,96.0,1
428,MOF-428Cu-BTC,130,0.39479496,38.81818181818182,0.3091334894613583,11.38,12.81,940.0,0.40479496,0.05,0.01,Cu,BTC,ДМФА,12.0014,6.0013,110,110,96.0,1
429,MOF-429,180,0.51500274,35.43939393939394,0.3386062419837538,14.845,11.695,1224.496,0.52900274,0.05,0.014,Cu,BTC,ДМФА,12.0006,6.0004,110,110,96.0,1
429,MOF-429Cu-BTC,160,0.3954888,34.66666666666666,0.3461538461538462,11.4,11.44,930.0,0.4054888,0.06,0.01,Cu,BTC,ДМФА,12.0006,6.0004,110,110,96.0,1
430,MOF-430,130,0.44336376,37.26363636363637,0.3220297633569163,12.78,12.297,1060.0,0.45836376,0.015,0.015,Cu,BTC,ДМФА,12.0015,6.0015,110,110,96.0,1
437,MOF-437,130,0.296651292,18.81818181818182,0.6376811594202899,8.551,6.21,728.081,0.371651292,0.146,0.075,Al,BTB,ДМФА,0.4007,0.1906,150,150,30.0,1
439,MOF-439,150,0.554343468,25.78181818181818,0.4654442877291961,15.979,8.508,1220.0,0.572343468,0.137,0.018,Al,BDC,ДМФА,1.2509,0.5001,150,110,30.0,1
440,MOF-440-443,160,0.476564004,39.89393939393939,0.3007975693125712,13.737,13.165,1130.0,0.505564004,17.527,0.029,Cu,BTC,ДМФА,12.0013,6.0017,110,110,96.0,1
446,MOF-446,160,0.527457168,15.91515151515151,0.753998476770754,15.204,5.252,1200.0,0.527457168,2.09,0.0,Zr,BDC,ДМФА,2.146,1.3871,130,130,128.0,1
446,MOF-446-180,180,0.522530904,16.32424242424242,0.7351030258028589,15.062,5.387,1200.0,0.772530904,0.01,0.25,Zr,BDC,ДМФА,2.146,1.3871,130,130,128.0,1
449,MOF-449Al-BDC,150,0.5689487999999999,26.87878787878788,0.4464487034949268,16.4,8.87,1330.0,0.6289487999999999,0.16,0.0599999999999999,Zr,BDC,ДМФА,2.1459,1.3832,130,130,128.0,1
456,MOF-456,160,0.473441724,13.56363636363636,0.8847184986595175,13.647,4.476,1060.976,0.485441724,914.366,0.012,Al,BTC,ДМФА,5.3656,2.4631,130,130,140.0,1
460,MOF-460,160,0.5654796000000001,11.09090909090909,1.081967213114754,16.3,3.66,1250.0,0.7954796000000001,1450.0,0.23,Al,BTC,ДМФА,5.365399999999999,2.4679,140,140,140.0,1
463,MOF-463(Al-BTTC),160,0.5012994,12.6969696969697,0.9451073985680192,14.45,4.19,1120.0,0.8312994,1380.0,0.3300000000000001,Al,BTC,ДМФА,5.3635,2.4648,140,140,140.0,1
467,MOF-467,160,0.364161924,13.93333333333333,0.861244019138756,10.497,4.598,824.389,0.411161924,378.785,0.0469999999999999,Al,BTC,ДМФА,5.3269,2.4651,140,110,28.0,1
475,MOF-475(Zr-BDC),150,0.49574868,20.81818181818182,0.5764192139737991,14.29,6.87,1200.0,0.91574868,1.0,0.42,Zr,BDC,ДМФА,0.2576,0.1665,130,130,16.0,1
475,MOF-475Zr-BDC,130,0.468342,20.48484848484848,0.5857988165680473,13.5,6.76,1130.0,0.761342,0.634,0.293,Zr,BDC,ДМФА,0.2576,0.1665,130,130,16.0,1
498,MOF-498La-BTC,290,0.29765736,45.39393939393939,0.2643524699599466,8.58,14.98,720.0,0.31665736,0.046,0.019,La,BTC,ДМФА,0.4708,0.1058,150,110,20.0,1
500,MOF-500(LaBTC),250,0.32749248,38.81818181818182,0.3091334894613583,9.44,12.81,790.0,0.34049248,0.042,0.013,La,BTC,ДМФА,0.2403,0.105,150,110,20.0,1
503,MOF-503Y-BTC,290,0.3427569600000001,33.72727272727273,0.3557951482479784,9.88,11.13,820.0,0.3617569600000001,0.052,0.019,Y,BTC,ДМФА/Вода,0.4233,0.108,110,110,20.0,1
508,MOF-508(CuBTC)-130C,130,0.313927908,34.08787878787879,0.3520312916703707,9.049,11.249,750.071,0.328927908,4.428,0.015,Cu,BTC,ДМФА,4.0006,2.0005,110,110,32.0,1
508,MOF-508(CuBTC)-150C,150,0.400484448,38.7060606060606,0.3100289673530103,11.544,12.773,965.396,0.4244844480000001,9.674,0.0240000000000001,Cu,BTC,ДМФА,4.0006,2.0005,110,110,32.0,1
508,MOF-508(CuBTC)-180C,180,0.488567436,39.27878787878787,0.3055084091961118,14.083,12.962,1172.849,0.506567436,6.829,0.0179999999999999,Cu,BTC,ДМФА,4.0006,2.0005,110,110,32.0,1
508,MOF-508(CuBTC)-200C,200,0.582339912,43.49090909090909,0.2759197324414716,16.786,14.352,1438.557,0.6433399120000001,20.403,0.061,Cu,BTC,ДМФА,4.0006,2.0005,110,110,32.0,1
508,MOF-508(CuBTC)-220C,220,0.630943404,56.67575757575757,0.2117307383842164,18.187,18.703,1578.425,0.704943404,20.223,0.0739999999999999,Cu,BTC,ДМФА,4.0006,2.0005,110,110,32.0,1
508,MOF-508(CuBTC)-240C,240,0.590319072,53.27878787878788,0.225230349220794,17.016,17.582,1477.578,0.713319072,66.067,0.123,Cu,BTC,ДМФА,4.0006,2.0005,110,110,32.0,1
512,MOF-512Ce-BTC,290,0.32471712,36.63636363636363,0.3275434243176179,9.36,12.09,770.0,0.35171712,0.072,0.0269999999999999,Ce,BTC,ДМФА,0.4487,0.1048,150,150,20.0,1
514,MOF-514(CuBTC)-150C,150,0.221300268,35.59696969696969,0.3371073465565677,6.379,11.747,527.682,0.232300268,5.436,0.011,Cu,BTC,ДМФА,4.0006,2.0005,110,110,32.0,1
515,MOF-515La-BTC,300,0.3330432,31.93939393939393,0.3757115749525617,9.6,10.54,790.0,0.3750432,0.114,0.042,La,BTC,ДМФА,0.4803,0.2105,150,110,40.0,1
517,MOF-517(Cu-BTC),230,0.2882905200000001,26.05757575757576,0.460518664961042,8.31,8.599,680.0,0.3882905200000001,20.0,0.0999999999999999,Cu,BTC,ДМФА,8.0009,4.0011,110,110,32.0,1
518,MOF-518Y-BTC,290,0.1439718,18.90909090909091,0.6346153846153846,4.15,6.24,330.0,0.1999718,0.107,0.0559999999999999,Y,BTC,ДМФА,0.4359,0.2114,150,110,30.0,1
519,MOF-519Cu-BTC,200,0.5866764120000001,43.66363636363636,0.2748282323547783,16.911,14.409,1440.0,0.649676412,0.114,0.0629999999999999,Cu,BTC,ДМФА,3.9993,2.0009,110,110,32.0,1
520,MOF-520Cu-BTC,200,0.538038228,38.92121212121211,0.3083151666147618,15.509,12.844,1300.0,0.580038228,0.13,0.042,Cu,BTC,ДМФА,4.0009,2.0008,110,110,32.0,1
521,MOF-521,200,0.61456878,49.29090909090908,0.2434526005164147,17.715,16.266,1510.0,0.68256878,0.111,0.0679999999999999,Cu,BTC,ДМФА,4.0001,2.0,110,150,32.0,1
528,MOF-528Al-BTC,160,0.2133558,20.03030303030303,0.5990922844175491,6.15,6.61,560.0,0.4123558000000001,0.334,0.1990000000000001,Al,BTC,ДМФА,4.2936,2.466,140,140,140.0,1
531,MOF-531Ce-BTC,290,0.25012932,32.39393939393939,0.3704396632366698,7.21,10.69,760.0,0.32512932,0.165,0.075,Ce,BTC,ДМФА,0.4592,0.4223,150,130,30.0,1
532,MOF-532Ce-BDC,300,0.08811768,32.84848484848484,0.3653136531365314,2.54,10.84,180.0,0.08811768,0.01,0.0,Ce,BDC,ДМФА,0.4649,0.4985,150,130,30.0,1
533,MOF-533(lA-BTC,300,0.362462016,27.86969696969697,0.4305751875611613,10.448,9.197,782.345,0.3657357654697553,0.0570599083744643,0.0166763946052325,La,BTC,ДМФА,0.4819,0.2125,150,150,30.0,1
534,MOF-534La-BTC,280,0.33200244,32.54545454545455,0.3687150837988827,9.57,10.74,790.0,0.34300244,0.043,0.011,La,BTC,ДМФА,0.4828,0.4203,150,150,30.0,1
536,MOF-536Ce-BDC,290,0.0978314399999999,35.33333333333333,0.339622641509434,2.82,11.66,260.0,0.0978314399999999,0.027,0.0,Ce,BDC,ДМФА/Вода,0.8584,0.4962,130,130,30.0,4
537,MOF-537La-BTC,300,0.350944272,37.34545454545454,0.3213242453748783,10.116,12.324,840.0,0.373944272,0.069,0.023,La,BTC,ДМФА,0.4815,0.2119,130,130,30.0,1
538,MOF-538Ce-BTC,190,0.337761312,30.29696969696969,0.3960792158431687,9.736,9.998,803.257,0.337761312,0.0,0.0,Ce,BTC,ДМФА,0.4611,0.216,130,130,30.0,1
539,MOF-539Y-BTC,300,0.208082616,15.80909090909091,0.7590569292696954,5.998,5.217,430.0,0.208082616,0.051,0.0,Y,BTC,ДМФА,0.4263,0.2105,130,130,30.0,1
540,MOF-540-240La-BTC,240,0.312228,33.74848484848485,0.355571518362216,9.0,11.137,740.0,0.328228,0.056,0.016,La,BTC,ДМФА,1.4616,0.649,150,130,72.0,1
540,MOF-540-280La-BTC,280,0.352366644,33.62727272727273,0.3568532035685321,10.157,11.097,830.0,0.371366644,0.065,0.019,La,BTC,ДМФА,1.4616,0.649,150,130,72.0,1
540,MOF-540-320La-BTC,300,0.409434984,23.71212121212121,0.5060702875399361,11.802,7.825,840.0,0.409434984,0.0,0.0,La,BTC,ДМФА,1.4616,0.649,150,130,72.0,1
540,MOF-540La-BTC,320,0.352436028,34.43333333333333,0.3484995159728945,10.159,11.363,830.0,0.371436028,0.064,0.0189999999999999,La,BTC,ДМФА,1.4616,0.649,150,130,72.0,1
544,MOF-544,250,0.357813288,34.2060606060606,0.3508150248051028,10.314,11.288,840.631,0.368813288,35.607,0.011,La,BTC,ДМФА,1.4585,0.6474,150,120,72.0,1
544,MOF-544La-BTC,300,0.409434984,23.71212121212121,0.5060702875399361,11.802,7.825,840.631,0.409434984,0.0,0.0,La,BTC,ДМФА,1.4585,0.6474,150,120,72.0,1
547,MOF-547Y-BTC,300,0.396980556,27.73333333333333,0.4326923076923077,11.443,9.152,844.933,0.396980556,7.25,0.0,Y,BTC,ДМФА/Вода,1.2703,0.3262,110,130,60.0,1
548,MOF-548La-BTC,300,0.35247072,31.55757575757575,0.3802573458805454,10.16,10.414,854.636,0.35247072,0.0,0.0,La,BTC,ДМФА,1.4588,0.6474,110,130,72.0,1
549,MOF-549La-BTC,300,0.3235029,33.53636363636364,0.3578205475738682,9.325,11.067,759.542,0.3235029,0.0,0.0,La,BTC,ДМФА,1.4563,0.6462,150,150,72.0,1
554,MOF-554La-BTC,300,0.34917498,25.25151515151515,0.4752190087603504,10.065,8.333,770.133,0.34917498,0.83,0.0,La,BTC,ДМФА,1.4585,0.6468,150,130,72.0,1
555,MOF-555+MOF-544La-BTC,300,0.35351148,35.03333333333333,0.3425309229305424,10.19,11.561,830.0,0.35351148,0.0,0.0,La,BTC,ДМФА,1.4583,0.6464,150,130,72.0,1
557,MOF-557(Zr-BTC),160,0.1630524,22.16363636363636,0.5414273995077933,4.7,7.314,450.0,0.2730524,70.0,0.11,Zr,BDC,ДМФА,0.5448,0.3462,110,130,50.0,1
570,MOF-570Cu-BTC,150,0.25463928,36.04848484848485,0.3328850033624748,7.34,11.896,619.212,0.43563928,54.553,0.181,Cu,BTC,Этанол,2.0542,1.0066,130,120,24.0,1
571,MOF-571Cu-BTC,200,0.589868076,32.7030303030303,0.3669384729429207,17.003,10.792,1384.802,0.607868076,1.929,0.018,Cu,BTC,ДМФА,2.0928,1.0119,130,120,24.0,1
571,MOF-571-220,220,0.640275552,51.41212121212121,0.2334079924554992,18.456,16.966,1568.483,0.7192755519999999,17.523,0.0789999999999999,Cu,BTC,ДМФА,2.0928,1.0119,130,120,24.0,1
572,MOF-572,220,0.601247052,46.79393939393939,0.2564434658722964,17.331,15.442,1451.683,0.6682470519999999,16.843,0.0669999999999999,Cu,BTC,ДМФА,3.99,2.0054,130,120,32.0,1
573,MOF-573-180,180,0.276425856,42.56060606060606,0.2819508721965113,7.968,14.045,654.518,0.325425856,6.979,0.0489999999999999,Cu,BTC,Этанол,2.02,1.0191,120,120,24.0,1
573,MOF-573-150,150,0.268863,43.02424242424242,0.278912522890548,7.75,14.198,636.085,0.315863,5.731,0.0469999999999999,Cu,BTC,Этанол,2.02,1.0191,120,120,24.0,1
574,MOF-574,200,0.277258464,47.28787878787879,0.2537648189682794,7.992,15.605,672.423,0.385258464,13.511,0.108,Cu,BTC,Этанол,2.079,1.0113,120,120,24.0,1
575,MOF-575-300,300,0.506815428,17.62121212121212,0.6809974204643164,14.609,5.815,1296.788,0.635815428,0.05,0.129,Al,BTC,ДМФА,1.076,0.4928,120,120,28.0,1
575,MOF-575-250,250,0.472747884,17.75454545454545,0.6758832565284179,13.627,5.859,1215.203,0.6727478840000001,107.83,0.2000000000000001,Al,BTC,ДМФА,1.076,0.4928,120,120,28.0,1
576,MOF-576,130,0.204127728,18.97878787878788,0.6322848475171644,5.884,6.263,502.929,0.204127728,0.0,0.0,Al,BTC,Ацетонитрил,1.074,0.4926,120,120,29.0,1
576,MOF-576Al-BTC-300,300,0.415193856,19.3030303030303,0.6216640502354789,11.968,6.37,1003.541,0.415193856,0.0,0.0,Al,BTC,Ацетонитрил,1.074,0.4926,120,120,29.0,1
577,MOF-577,300,0.416754996,19.39696969696969,0.6186533354163413,12.013,6.401,996.626,0.441754996,178.345,0.025,Al,BTC,Ацетонитрил,1.074,0.494,80,85,40.0,1
578,MOF-578,300,0.37085748,19.89090909090909,0.603290676416819,10.69,6.564,883.771,0.4098574799999999,163.74,0.0389999999999998,Al,BTC,Ацетонитрил,1.071,0.492,80,80,40.0,1
585,MOF-585,160,0.507821496,17.52121212121212,0.6848841231407818,14.638,5.782,1260.233,0.5638214960000001,8.336,0.056,Zr,BDC,ДМФА,0.5417,0.3461,120,160,25.0,1
624,MOF-624Al-BDC,160,0.503311536,29.59393939393939,0.405488429244317,14.508,9.766,1156.464,1.477311536,129.499,0.974,Al,BDC,ДМФА,1.25,0.5086,150,160,30.0,1
626,MOF-626Y-BTC,300,0.144735024,30.00909090909091,0.3998788245986065,4.172,9.903,319.665,0.144735024,0.0,0.0,Y,BTC,ДМФА/Вода,0.422,0.2102,130,130,24.0,2
627,MOF-627Y-BTC,280,0.27371988,40.69090909090909,0.2949061662198391,7.89,13.428,643.092,0.28171988,0.0,0.0079999999999999,Y,BTC,ДМФА/Вода,0.4223,0.214,130,130,20.0,1
651,MOF-651Y-BTB,250,0.223971552,28.33636363636364,0.4234841193455245,6.456,9.351,544.23,0.264971552,22.322,0.041,Y,BTB,ДМФА/Вода,0.228,0.225,130,130,24.0,2
665,MOF-665,150,0.094119396,22.55151515151515,0.5321150228433217,2.713,7.442,197.104,0.094119396,0.0,0.0,Fe,BTC,ДМФА,2.8843,0.5052,150,110,30.0,1
666,MOF-666,150,0.298247124,17.8,0.6741573033707866,8.597,5.874,817.984,0.442247124,50.713,0.144,Fe,BTC,ДМФА,0.9802,0.5051,150,110,30.0,1
676,MOF-676,250,0.310424016,35.57575757575758,0.3373083475298126,8.948,11.74,692.782,0.311424016,5.075,0.001,Y,BTC,ДМФА/Вода,1.2602,0.6338,130,130,36.0,2
